relative_path,y_true,y_pred,confidence,true_class,predicted_class
Art/Alarm_Clock/000284.jpg,0,0,0.710129976272583,Alarm_Clock,Alarm_Clock
Art/Alarm_Clock/000313.jpg,0,0,0.9977140426635742,Alarm_Clock,Alarm_Clock
Art/Alarm_Clock/000628.jpg,0,0,0.9981415271759033,Alarm_Clock,Alarm_Clock
Art/Alarm_Clock/000668.jpg,0,0,0.9813796877861023,Alarm_Clock,Alarm_Clock
Art/Alarm_Clock/000869.jpg,0,0,0.32384192943573,Alarm_Clock,Alarm_Clock
Art/Alarm_Clock/001459.jpg,0,0,0.9987334609031677,Alarm_Clock,Alarm_Clock
Art/Alarm_Clock/001603.jpg,0,19,0.6561813950538635,Alarm_Clock,Fan
Art/Alarm_Clock/001607.jpg,0,0,0.9249734282493591,Alarm_Clock,Alarm_Clock
Art/Alarm_Clock/001945.jpg,0,19,0.23442044854164124,Alarm_Clock,Fan
Art/Alarm_Clock/002262.jpg,0,0,0.9957745671272278,Alarm_Clock,Alarm_Clock
Art/Backpack/000041.jpg,1,27,0.7339037656784058,Backpack,Helmet
Art/Backpack/000320.jpg,1,35,0.23547197878360748,Backpack,Mop
Art/Backpack/000423.jpg,1,62,0.4690593183040619,Backpack,Toys
Art/Backpack/000672.jpg,1,1,0.40487241744995117,Backpack,Backpack
Art/Backpack/001806.jpg,1,1,0.9974446296691895,Backpack,Backpack
Art/Backpack/002323.jpg,1,1,0.9923312664031982,Backpack,Backpack
Art/Batteries/000436.jpg,2,55,0.17319940030574799,Batteries,Soda
Art/Batteries/000826.jpg,2,33,0.45326539874076843,Batteries,Marker
Art/Batteries/001597.jpg,2,2,0.9135901927947998,Batteries,Batteries
Art/Batteries/001777.jpg,2,2,0.6041420698165894,Batteries,Batteries
Art/Bed/000243.jpg,3,14,0.8405241966247559,Bed,Curtains
Art/Bed/000386.jpg,3,59,0.38417837023735046,Bed,Table
Art/Bed/000486.jpg,3,3,0.24307015538215637,Bed,Bed
Art/Bed/000550.jpg,3,3,0.8963680267333984,Bed,Bed
Art/Bed/002226.jpg,3,3,0.6457107663154602,Bed,Bed
Art/Bed/002278.jpg,3,3,0.8881294131278992,Bed,Bed
Art/Bike/000054.jpg,4,4,0.8689420223236084,Bike,Bike
Art/Bike/000125.jpg,4,4,0.7372266054153442,Bike,Bike
Art/Bike/000369.jpg,4,4,0.937990665435791,Bike,Bike
Art/Bike/000401.jpg,4,4,0.9165619611740112,Bike,Bike
Art/Bike/000430.jpg,4,4,0.8722695708274841,Bike,Bike
Art/Bike/000517.jpg,4,4,0.3456716239452362,Bike,Bike
Art/Bike/000741.jpg,4,4,0.9607415199279785,Bike,Bike
Art/Bike/001242.jpg,4,4,0.9961403012275696,Bike,Bike
Art/Bike/001438.jpg,4,31,0.6865631341934204,Bike,Lamp_Shade
Art/Bike/001602.jpg,4,4,0.5877858996391296,Bike,Bike
Art/Bike/001716.jpg,4,4,0.7538674473762512,Bike,Bike
Art/Bottle/000069.jpg,5,5,0.8376368284225464,Bottle,Bottle
Art/Bottle/000201.jpg,5,17,0.4731521010398865,Bottle,Eraser
Art/Bottle/000210.jpg,5,5,0.3558882474899292,Bottle,Bottle
Art/Bottle/000360.jpg,5,5,0.9458048343658447,Bottle,Bottle
Art/Bottle/000407.jpg,5,62,0.3963346779346466,Bottle,Toys
Art/Bottle/000453.jpg,5,5,0.37575599551200867,Bottle,Bottle
Art/Bottle/000470.jpg,5,61,0.39505577087402344,Bottle,ToothBrush
Art/Bottle/000705.jpg,5,46,0.714175820350647,Bottle,Push_Pin
Art/Bottle/000772.jpg,5,62,0.4877181649208069,Bottle,Toys
Art/Bottle/001030.jpg,5,31,0.23964662849903107,Bottle,Lamp_Shade
Art/Bottle/001185.jpg,5,5,0.48820632696151733,Bottle,Bottle
Art/Bottle/001341.jpg,5,5,0.7684545516967773,Bottle,Bottle
Art/Bottle/002239.jpg,5,9,0.470132976770401,Bottle,Candles
Art/Bottle/002249.jpg,5,5,0.6942740082740784,Bottle,Bottle
Art/Bottle/002332.jpg,5,5,0.6936442255973816,Bottle,Bottle
Art/Bucket/000199.jpg,6,6,0.36949965357780457,Bucket,Bucket
Art/Bucket/000932.jpg,6,6,0.40977734327316284,Bucket,Bucket
Art/Bucket/001768.jpg,6,6,0.4378768503665924,Bucket,Bucket
Art/Bucket/002246.jpg,6,9,0.21841174364089966,Bucket,Candles
Art/Bucket/002379.jpg,6,35,0.3436908423900604,Bucket,Mop
Art/Bucket/002413.jpg,6,6,0.556609034538269,Bucket,Bucket
Art/Calculator/000290.jpg,7,7,0.9974689483642578,Calculator,Calculator
Art/Calculator/001109.jpg,7,7,0.3332536816596985,Calculator,Calculator
Art/Calculator/001446.jpg,7,11,0.2601696848869324,Calculator,Clipboards
Art/Calculator/001631.jpg,7,7,0.9361997246742249,Calculator,Calculator
Art/Calculator/001782.jpg,7,7,0.4728586971759796,Calculator,Calculator
Art/Calendar/000492.jpg,8,39,0.6227865815162659,Calendar,Oven
Art/Calendar/000896.jpg,8,8,0.5549036860466003,Calendar,Calendar
Art/Calendar/001577.jpg,8,8,0.3567753732204437,Calendar,Calendar
Art/Candles/000208.jpg,9,9,0.999976396560669,Candles,Candles
Art/Candles/000373.jpg,9,15,0.2081577181816101,Candles,Desk_Lamp
Art/Candles/000440.jpg,9,9,0.9961614608764648,Candles,Candles
Art/Candles/000528.jpg,9,22,0.4534483551979065,Candles,Flowers
Art/Candles/000588.jpg,9,28,0.6822114586830139,Candles,Kettle
Art/Candles/000629.jpg,9,9,0.9907820820808411,Candles,Candles
Art/Candles/000630.jpg,9,9,0.7069315314292908,Candles,Candles
Art/Candles/000850.jpg,9,39,0.48049116134643555,Candles,Oven
Art/Candles/000982.jpg,9,9,0.9993314743041992,Candles,Candles
Art/Candles/001919.jpg,9,9,0.9216177463531494,Candles,Candles
Art/Candles/001940.jpg,9,9,0.6480108499526978,Candles,Candles
Art/Chair/000485.jpg,10,14,0.46070197224617004,Chair,Curtains
Art/Chair/000524.jpg,10,21,0.41972026228904724,Chair,Flipflops
Art/Chair/000684.jpg,10,10,0.5781871676445007,Chair,Chair
Art/Chair/000832.jpg,10,63,0.16718290746212006,Chair,Trash_Can
Art/Chair/000978.jpg,10,44,0.1871374547481537,Chair,Postit_Notes
Art/Chair/001177.jpg,10,35,0.6873650550842285,Chair,Mop
Art/Chair/001303.jpg,10,39,0.22657410800457,Chair,Oven
Art/Chair/001445.jpg,10,10,0.9405554533004761,Chair,Chair
Art/Chair/001527.jpg,10,10,0.2829135060310364,Chair,Chair
Art/Chair/001816.jpg,10,10,0.8334788680076599,Chair,Chair
Art/Clipboards/000880.jpg,11,11,0.8169521689414978,Clipboards,Clipboards
Art/Clipboards/001361.jpg,11,11,0.5524650812149048,Clipboards,Clipboards
Art/Clipboards/001601.jpg,11,38,0.3302554488182068,Clipboards,Notebook
Art/Clipboards/001930.jpg,11,38,0.7433868646621704,Clipboards,Notebook
Art/Computer/000317.jpg,12,29,0.10753419995307922,Computer,Keyboard
Art/Computer/001473.jpg,12,32,0.1277495175600052,Computer,Laptop
Art/Computer/001886.jpg,12,58,0.3733787536621094,Computer,TV
Art/Computer/002115.jpg,12,52,0.4810881018638611,Computer,Shelf
Art/Computer/002208.jpg,12,62,0.5484337210655212,Computer,Toys
Art/Computer/002240.jpg,12,27,0.19727088510990143,Computer,Helmet
Art/Couch/000075.jpg,13,13,0.7080783247947693,Couch,Couch
Art/Couch/000422.jpg,13,11,0.3379295766353607,Couch,Clipboards
Art/Couch/000534.jpg,13,3,0.9227983355522156,Couch,Bed
Art/Couch/000616.jpg,13,3,0.24941222369670868,Couch,Bed
Art/Couch/001322.jpg,13,14,0.34198513627052307,Couch,Curtains
Art/Couch/001750.jpg,13,13,0.6658650040626526,Couch,Couch
Art/Curtains/000730.jpg,14,14,0.37027624249458313,Curtains,Curtains
Art/Curtains/001081.jpg,14,14,0.9668409824371338,Curtains,Curtains
Art/Curtains/001380.jpg,14,31,0.6179644465446472,Curtains,Lamp_Shade
Art/Curtains/001659.jpg,14,31,0.43175897002220154,Curtains,Lamp_Shade
Art/Curtains/001722.jpg,14,14,0.8407117128372192,Curtains,Curtains
Art/Curtains/002171.jpg,14,14,0.9748243093490601,Curtains,Curtains
Art/Desk_Lamp/000337.jpg,15,31,0.3302243649959564,Desk_Lamp,Lamp_Shade
Art/Desk_Lamp/002143.jpg,15,28,0.668881893157959,Desk_Lamp,Kettle
Art/Desk_Lamp/002159.jpg,15,46,0.3870570957660675,Desk_Lamp,Push_Pin
Art/Drill/000221.jpg,16,23,0.23525568842887878,Drill,Folder
Art/Drill/001865.jpg,16,16,0.8570562601089478,Drill,Drill
Art/Eraser/001269.jpg,17,17,0.7738634943962097,Eraser,Eraser
Art/Eraser/001318.jpg,17,17,0.9120275974273682,Eraser,Eraser
Art/Eraser/001434.jpg,17,17,0.9810081124305725,Eraser,Eraser
Art/Exit_Sign/000984.jpg,18,18,0.9968572854995728,Exit_Sign,Exit_Sign
Art/Exit_Sign/001256.jpg,18,18,0.5096765756607056,Exit_Sign,Exit_Sign
Art/Exit_Sign/002034.jpg,18,18,0.5673888325691223,Exit_Sign,Exit_Sign
Art/Fan/000140.jpg,19,9,0.6655216813087463,Fan,Candles
Art/Fan/000277.jpg,19,3,0.4057307541370392,Fan,Bed
Art/Fan/000872.jpg,19,19,0.19176635146141052,Fan,Fan
Art/Fan/001027.jpg,19,52,0.25803810358047485,Fan,Shelf
Art/Fan/001089.jpg,19,46,0.37969112396240234,Fan,Push_Pin
Art/Fan/001351.jpg,19,19,0.9977020621299744,Fan,Fan
Art/Fan/002282.jpg,19,19,0.5203638672828674,Fan,Fan
Art/File_Cabinet/000250.jpg,20,23,0.31743186712265015,File_Cabinet,Folder
Art/File_Cabinet/000552.jpg,20,20,0.5189283490180969,File_Cabinet,File_Cabinet
Art/File_Cabinet/000819.jpg,20,20,0.9902778267860413,File_Cabinet,File_Cabinet
Art/Flipflops/000712.jpg,21,21,0.9312390685081482,Flipflops,Flipflops
Art/Flipflops/000803.jpg,21,21,0.8395971059799194,Flipflops,Flipflops
Art/Flipflops/000883.jpg,21,21,0.5399991869926453,Flipflops,Flipflops
Art/Flipflops/001160.jpg,21,21,0.9256116151809692,Flipflops,Flipflops
Art/Flipflops/001393.jpg,21,21,0.8255735039710999,Flipflops,Flipflops
Art/Flipflops/002030.jpg,21,21,0.9668940305709839,Flipflops,Flipflops
Art/Flipflops/002210.jpg,21,21,0.4354427754878998,Flipflops,Flipflops
Art/Flowers/000177.jpg,22,22,0.6271511912345886,Flowers,Flowers
Art/Flowers/000230.jpg,22,22,0.7249408960342407,Flowers,Flowers
Art/Flowers/000274.jpg,22,22,0.9589513540267944,Flowers,Flowers
Art/Flowers/000282.jpg,22,22,0.9877395033836365,Flowers,Flowers
Art/Flowers/000336.jpg,22,22,0.9985814094543457,Flowers,Flowers
Art/Flowers/000740.jpg,22,62,0.6798254251480103,Flowers,Toys
Art/Flowers/001001.jpg,22,22,0.41322386264801025,Flowers,Flowers
Art/Flowers/001087.jpg,22,22,0.9789626002311707,Flowers,Flowers
Art/Flowers/001387.jpg,22,22,0.9815897345542908,Flowers,Flowers
Art/Flowers/001741.jpg,22,62,0.538521945476532,Flowers,Toys
Art/Flowers/001969.jpg,22,22,0.9618081450462341,Flowers,Flowers
Art/Flowers/002207.jpg,22,22,0.9930486679077148,Flowers,Flowers
Art/Flowers/002247.jpg,22,22,0.9943397641181946,Flowers,Flowers
Art/Folder/000240.jpg,23,13,0.7695544958114624,Folder,Couch
Art/Folder/000303.jpg,23,23,0.4406885504722595,Folder,Folder
Art/Folder/001140.jpg,23,11,0.4153006076812744,Folder,Clipboards
Art/Fork/000144.jpg,24,61,0.4881298542022705,Fork,ToothBrush
Art/Fork/001094.jpg,24,24,0.8148153424263,Fork,Fork
Art/Fork/001309.jpg,24,43,0.21485167741775513,Fork,Pencil
Art/Fork/001714.jpg,24,24,0.3494202196598053,Fork,Fork
Art/Fork/001992.jpg,24,24,0.9584028720855713,Fork,Fork
Art/Fork/002276.jpg,24,46,0.4968593120574951,Fork,Push_Pin
Art/Glasses/000601.jpg,25,25,0.9429159164428711,Glasses,Glasses
Art/Glasses/000830.jpg,25,25,0.8372767567634583,Glasses,Glasses
Art/Glasses/001287.jpg,25,53,0.3864387273788452,Glasses,Sink
Art/Glasses/001306.jpg,25,25,0.6004100441932678,Glasses,Glasses
Art/Glasses/001863.jpg,25,25,0.964057981967926,Glasses,Glasses
Art/Glasses/002298.jpg,25,25,0.717933177947998,Glasses,Glasses
Art/Hammer/000575.jpg,26,35,0.3910440504550934,Hammer,Mop
Art/Hammer/001544.jpg,26,11,0.27245762944221497,Hammer,Clipboards
Art/Hammer/001548.jpg,26,52,0.29978838562965393,Hammer,Shelf
Art/Hammer/001677.jpg,26,19,0.14202801883220673,Hammer,Fan
Art/Hammer/001915.jpg,26,51,0.7305043935775757,Hammer,Screwdriver
Art/Hammer/001916.jpg,26,38,0.20451506972312927,Hammer,Notebook
Art/Helmet/000047.jpg,27,27,0.5235812067985535,Helmet,Helmet
Art/Helmet/000129.jpg,27,27,0.8701951503753662,Helmet,Helmet
Art/Helmet/000234.jpg,27,27,0.9575978517532349,Helmet,Helmet
Art/Helmet/000660.jpg,27,1,0.5277557969093323,Helmet,Backpack
Art/Helmet/000683.jpg,27,1,0.4371224641799927,Helmet,Backpack
Art/Helmet/000768.jpg,27,27,0.7107193470001221,Helmet,Helmet
Art/Helmet/001143.jpg,27,27,0.2958362400531769,Helmet,Helmet
Art/Helmet/001169.jpg,27,62,0.6813833117485046,Helmet,Toys
Art/Helmet/001697.jpg,27,27,0.7560263276100159,Helmet,Helmet
Art/Helmet/001752.jpg,27,27,0.3859540522098541,Helmet,Helmet
Art/Helmet/002072.jpg,27,62,0.4036947786808014,Helmet,Toys
Art/Helmet/002351.jpg,27,27,0.3254988491535187,Helmet,Helmet
Art/Kettle/000641.jpg,28,53,0.5097997784614563,Kettle,Sink
Art/Kettle/000695.jpg,28,28,0.8797978162765503,Kettle,Kettle
Art/Kettle/001063.jpg,28,28,0.9500586986541748,Kettle,Kettle
Art/Kettle/001268.jpg,28,46,0.5158128142356873,Kettle,Push_Pin
Art/Kettle/001565.jpg,28,28,0.6493577361106873,Kettle,Kettle
Art/Kettle/001872.jpg,28,28,0.7184808254241943,Kettle,Kettle
Art/Kettle/002273.jpg,28,21,0.19237777590751648,Kettle,Flipflops
Art/Keyboard/000535.jpg,29,44,0.3903020918369293,Keyboard,Postit_Notes
Art/Keyboard/002064.jpg,29,29,0.717877209186554,Keyboard,Keyboard
Art/Keyboard/002280.jpg,29,29,0.999099850654602,Keyboard,Keyboard
Art/Knives/000045.jpg,30,30,0.5572292804718018,Knives,Knives
Art/Knives/000095.jpg,30,57,0.3227716088294983,Knives,Spoon
Art/Knives/000182.jpg,30,30,0.4242781102657318,Knives,Knives
Art/Knives/000322.jpg,30,30,0.6118148565292358,Knives,Knives
Art/Knives/000505.jpg,30,11,0.469329833984375,Knives,Clipboards
Art/Knives/000530.jpg,30,30,0.9521974325180054,Knives,Knives
Art/Knives/001031.jpg,30,30,0.9722859263420105,Knives,Knives
Art/Knives/001151.jpg,30,49,0.7615571022033691,Knives,Ruler
Art/Knives/002135.jpg,30,30,0.9480466842651367,Knives,Knives
Art/Knives/002396.jpg,30,30,0.9644084572792053,Knives,Knives
Art/Lamp_Shade/000105.jpg,31,15,0.5540709495544434,Lamp_Shade,Desk_Lamp
Art/Lamp_Shade/000560.jpg,31,31,0.9579684734344482,Lamp_Shade,Lamp_Shade
Art/Lamp_Shade/001047.jpg,31,31,0.6555692553520203,Lamp_Shade,Lamp_Shade
Art/Lamp_Shade/001667.jpg,31,31,0.9962034821510315,Lamp_Shade,Lamp_Shade
Art/Lamp_Shade/002129.jpg,31,31,0.9964888095855713,Lamp_Shade,Lamp_Shade
Art/Lamp_Shade/002216.jpg,31,35,0.3830014765262604,Lamp_Shade,Mop
Art/Lamp_Shade/002295.jpg,31,31,0.9639822244644165,Lamp_Shade,Lamp_Shade
Art/Laptop/000382.jpg,32,32,0.7062979936599731,Laptop,Laptop
Art/Laptop/001049.jpg,32,32,0.6677283644676208,Laptop,Laptop
Art/Laptop/001136.jpg,32,38,0.7282701730728149,Laptop,Notebook
Art/Laptop/001356.jpg,32,32,0.718544602394104,Laptop,Laptop
Art/Laptop/001954.jpg,32,32,0.5213518142700195,Laptop,Laptop
Art/Laptop/002070.jpg,32,32,0.21993695199489594,Laptop,Laptop
Art/Laptop/002114.jpg,32,32,0.5909052491188049,Laptop,Laptop
Art/Marker/000059.jpg,33,19,0.8216494917869568,Marker,Fan
Art/Marker/001252.jpg,33,46,0.3169269561767578,Marker,Push_Pin
Art/Marker/002254.jpg,33,11,0.18062514066696167,Marker,Clipboards
Art/Monitor/000438.jpg,34,34,0.43199798464775085,Monitor,Monitor
Art/Monitor/000848.jpg,34,20,0.19039921462535858,Monitor,File_Cabinet
Art/Monitor/001035.jpg,34,34,0.8149564862251282,Monitor,Monitor
Art/Monitor/001246.jpg,34,13,0.4726075530052185,Monitor,Couch
Art/Monitor/001304.jpg,34,11,0.2919914722442627,Monitor,Clipboards
Art/Monitor/002148.jpg,34,34,0.6706314086914062,Monitor,Monitor
Art/Mop/001371.jpg,35,35,0.46361926198005676,Mop,Mop
Art/Mop/001674.jpg,35,39,0.3651096820831299,Mop,Oven
Art/Mop/001857.jpg,35,31,0.5280349254608154,Mop,Lamp_Shade
Art/Mop/002390.jpg,35,35,0.20890392363071442,Mop,Mop
Art/Mouse/000106.jpg,36,36,0.35463598370552063,Mouse,Mouse
Art/Mouse/000329.jpg,36,36,0.4447377920150757,Mouse,Mouse
Art/Mouse/002372.jpg,36,27,0.5807838439941406,Mouse,Helmet
Art/Mug/000008.jpg,37,37,0.7530980110168457,Mug,Mug
Art/Mug/000406.jpg,37,21,0.24213817715644836,Mug,Flipflops
Art/Mug/000540.jpg,37,27,0.49813976883888245,Mug,Helmet
Art/Mug/001360.jpg,37,37,0.9463459253311157,Mug,Mug
Art/Mug/001737.jpg,37,37,0.9521986246109009,Mug,Mug
Art/Mug/001873.jpg,37,37,0.9873620271682739,Mug,Mug
Art/Mug/002192.jpg,37,53,0.5622458457946777,Mug,Sink
Art/Notebook/001694.jpg,38,38,0.9687671661376953,Notebook,Notebook
Art/Notebook/001850.jpg,38,47,0.4187666177749634,Notebook,Radio
Art/Notebook/002061.jpg,38,11,0.4739915728569031,Notebook,Clipboards
Art/Oven/001648.jpg,39,53,0.2612169682979584,Oven,Sink
Art/Oven/002046.jpg,39,39,0.3845360577106476,Oven,Oven
Art/Oven/002169.jpg,39,47,0.4261578619480133,Oven,Radio
Art/Pan/001790.jpg,40,57,0.7545922994613647,Pan,Spoon
Art/Pan/002253.jpg,40,21,0.718063235282898,Pan,Flipflops
Art/Pan/002414.jpg,40,6,0.15996882319450378,Pan,Bucket
Art/Paper_Clip/000405.jpg,41,24,0.22150515019893646,Paper_Clip,Fork
Art/Paper_Clip/000760.jpg,41,41,0.6528885364532471,Paper_Clip,Paper_Clip
Art/Paper_Clip/002328.jpg,41,41,0.22690975666046143,Paper_Clip,Paper_Clip
Art/Pen/000375.jpg,42,46,0.20303559303283691,Pen,Push_Pin
Art/Pen/001258.jpg,42,33,0.31047528982162476,Pen,Marker
Art/Pen/002164.jpg,42,61,0.7715525031089783,Pen,ToothBrush
Art/Pencil/000487.jpg,43,61,0.562053382396698,Pencil,ToothBrush
Art/Pencil/001043.jpg,43,61,0.20800964534282684,Pencil,ToothBrush
Art/Pencil/001054.jpg,43,61,0.3700511157512665,Pencil,ToothBrush
Art/Pencil/001145.jpg,43,43,0.9410024881362915,Pencil,Pencil
Art/Postit_Notes/000308.jpg,44,38,0.2828616797924042,Postit_Notes,Notebook
Art/Postit_Notes/000523.jpg,44,44,0.9034888744354248,Postit_Notes,Postit_Notes
Art/Postit_Notes/000546.jpg,44,8,0.9898419976234436,Postit_Notes,Calendar
Art/Printer/000085.jpg,45,45,0.281635582447052,Printer,Printer
Art/Printer/000450.jpg,45,11,0.344114750623703,Printer,Clipboards
Art/Printer/000654.jpg,45,53,0.32342642545700073,Printer,Sink
Art/Push_Pin/000335.jpg,46,46,0.8950896263122559,Push_Pin,Push_Pin
Art/Push_Pin/000779.jpg,46,23,0.5160763263702393,Push_Pin,Folder
Art/Push_Pin/001780.jpg,46,44,0.7037551403045654,Push_Pin,Postit_Notes
Art/Push_Pin/001911.jpg,46,46,0.9429378509521484,Push_Pin,Push_Pin
Art/Radio/000123.jpg,47,47,0.2159375697374344,Radio,Radio
Art/Radio/001687.jpg,47,53,0.3363572657108307,Radio,Sink
Art/Radio/001844.jpg,47,47,0.5032029747962952,Radio,Radio
Art/Radio/001936.jpg,47,19,0.5212534070014954,Radio,Fan
Art/Radio/002085.jpg,47,35,0.4102283716201782,Radio,Mop
Art/Refrigerator/000929.jpg,48,3,0.3845341205596924,Refrigerator,Bed
Art/Refrigerator/001159.jpg,48,62,0.5364142656326294,Refrigerator,Toys
Art/Refrigerator/001721.jpg,48,48,0.32573726773262024,Refrigerator,Refrigerator
Art/Refrigerator/002306.jpg,48,48,0.8709431886672974,Refrigerator,Refrigerator
Art/Refrigerator/002338.jpg,48,3,0.19309283792972565,Refrigerator,Bed
Art/Refrigerator/002408.jpg,48,48,0.9922480583190918,Refrigerator,Refrigerator
Art/Ruler/000332.jpg,49,49,0.6555303335189819,Ruler,Ruler
Art/Ruler/002231.jpg,49,49,0.8909972310066223,Ruler,Ruler
Art/Scissors/000949.jpg,50,50,0.8161628842353821,Scissors,Scissors
Art/Scissors/001505.jpg,50,50,0.35687002539634705,Scissors,Scissors
Art/Scissors/002370.jpg,50,14,0.38973045349121094,Scissors,Curtains
Art/Screwdriver/000508.jpg,51,51,0.5835546255111694,Screwdriver,Screwdriver
Art/Screwdriver/000664.jpg,51,51,0.935539960861206,Screwdriver,Screwdriver
Art/Screwdriver/000744.jpg,51,51,0.6824761033058167,Screwdriver,Screwdriver
Art/Screwdriver/000913.jpg,51,30,0.32130053639411926,Screwdriver,Knives
Art/Shelf/000938.jpg,52,52,0.9309585690498352,Shelf,Shelf
Art/Shelf/001192.jpg,52,52,0.7266184091567993,Shelf,Shelf
Art/Shelf/001713.jpg,52,52,0.6186933517456055,Shelf,Shelf
Art/Shelf/001810.jpg,52,52,0.4447256922721863,Shelf,Shelf
Art/Shelf/002077.jpg,52,62,0.9065892696380615,Shelf,Toys
Art/Sink/000037.jpg,53,14,0.18218302726745605,Sink,Curtains
Art/Sink/000574.jpg,53,53,0.8111273646354675,Sink,Sink
Art/Sink/000642.jpg,53,60,0.3932207524776459,Sink,Telephone
Art/Sink/001457.jpg,53,62,0.5041273236274719,Sink,Toys
Art/Sink/001793.jpg,53,53,0.9690418839454651,Sink,Sink
Art/Sink/002006.jpg,53,28,0.5359612107276917,Sink,Kettle
Art/Sneakers/000084.jpg,54,21,0.6741558909416199,Sneakers,Flipflops
Art/Sneakers/000165.jpg,54,54,0.36466869711875916,Sneakers,Sneakers
Art/Sneakers/000398.jpg,54,54,0.32856205105781555,Sneakers,Sneakers
Art/Sneakers/001313.jpg,54,21,0.8835651278495789,Sneakers,Flipflops
Art/Sneakers/001421.jpg,54,62,0.9287835955619812,Sneakers,Toys
Art/Sneakers/001504.jpg,54,21,0.8685497641563416,Sneakers,Flipflops
Art/Sneakers/001931.jpg,54,54,0.32024839520454407,Sneakers,Sneakers
Art/Soda/000173.jpg,55,55,0.6607839465141296,Soda,Soda
Art/Soda/000269.jpg,55,55,0.37962380051612854,Soda,Soda
Art/Soda/000304.jpg,55,33,0.3289405107498169,Soda,Marker
Art/Soda/000359.jpg,55,63,0.8208495378494263,Soda,Trash_Can
Art/Soda/000415.jpg,55,5,0.5079807639122009,Soda,Bottle
Art/Speaker/000263.jpg,56,56,0.726920485496521,Speaker,Speaker
Art/Speaker/000788.jpg,56,56,0.9199356436729431,Speaker,Speaker
Art/Speaker/001502.jpg,56,47,0.8696101903915405,Speaker,Radio
Art/Spoon/000212.jpg,57,24,0.6562983989715576,Spoon,Fork
Art/Spoon/000576.jpg,57,57,0.26988792419433594,Spoon,Spoon
Art/Spoon/000761.jpg,57,21,0.1224532499909401,Spoon,Flipflops
Art/Spoon/001761.jpg,57,61,0.3407909870147705,Spoon,ToothBrush
Art/Spoon/001877.jpg,57,64,0.24408753216266632,Spoon,Webcam
Art/Spoon/001904.jpg,57,24,0.27370530366897583,Spoon,Fork
Art/TV/000828.jpg,58,58,0.7378139495849609,TV,TV
Art/TV/001164.jpg,58,58,0.95502769947052,TV,TV
Art/TV/001491.jpg,58,58,0.817395031452179,TV,TV
Art/TV/001962.jpg,58,58,0.7511902451515198,TV,TV
Art/TV/002015.jpg,58,58,0.3622017204761505,TV,TV
Art/TV/002275.jpg,58,39,0.8242529034614563,TV,Oven
Art/Table/000029.jpg,59,53,0.21060143411159515,Table,Sink
Art/Table/001298.jpg,59,10,0.32851144671440125,Table,Chair
Art/Telephone/000093.jpg,60,60,0.8125935792922974,Telephone,Telephone
Art/Telephone/000361.jpg,60,11,0.3472706377506256,Telephone,Clipboards
Art/Telephone/000749.jpg,60,60,0.9967573285102844,Telephone,Telephone
Art/Telephone/000812.jpg,60,62,0.7138981819152832,Telephone,Toys
Art/Telephone/001053.jpg,60,46,0.3750159442424774,Telephone,Push_Pin
Art/Telephone/001837.jpg,60,4,0.6211310625076294,Telephone,Bike
Art/ToothBrush/000006.jpg,61,22,0.9194905757904053,ToothBrush,Flowers
Art/ToothBrush/000296.jpg,61,43,0.4199969470500946,ToothBrush,Pencil
Art/ToothBrush/000569.jpg,61,61,0.41582947969436646,ToothBrush,ToothBrush
Art/ToothBrush/001128.jpg,61,61,0.4683188199996948,ToothBrush,ToothBrush
Art/ToothBrush/001315.jpg,61,61,0.4225623607635498,ToothBrush,ToothBrush
Art/ToothBrush/001449.jpg,61,46,0.18402980268001556,ToothBrush,Push_Pin
Art/Toys/000433.jpg,62,46,0.1329471468925476,Toys,Push_Pin
Art/Toys/000434.jpg,62,62,0.114747054874897,Toys,Toys
Art/Toys/001480.jpg,62,52,0.1673920899629593,Toys,Shelf
Art/Trash_Can/000235.jpg,63,6,0.8794878721237183,Trash_Can,Bucket
Art/Trash_Can/000306.jpg,63,21,0.4686383605003357,Trash_Can,Flipflops
Art/Trash_Can/001610.jpg,63,6,0.5560851693153381,Trash_Can,Bucket
Art/Webcam/002326.jpg,64,64,0.916557252407074,Webcam,Webcam
Art/Webcam/002416.jpg,64,64,0.9303078055381775,Webcam,Webcam
