removed,kept
Art/Alarm_Clock/001339.jpg,Art/Alarm_Clock/001011.jpg
Art/Alarm_Clock/001463.jpg,Art/Alarm_Clock/001178.jpg
Art/Alarm_Clock/001545.jpg,Art/Alarm_Clock/000055.jpg
Art/Alarm_Clock/001672.jpg,Art/Alarm_Clock/000743.jpg
Art/Alarm_Clock/001996.jpg,Art/Alarm_Clock/001422.jpg
Art/Alarm_Clock/002405.jpg,Art/Alarm_Clock/000716.jpg
Art/Batteries/002381.jpg,Art/Batteries/002132.jpg
Art/Bed/001948.jpg,Art/Bed/001880.jpg
Art/Bed/002088.jpg,Art/Bed/001665.jpg
Art/Bottle/001925.jpg,Art/Bottle/000465.jpg
Art/Bottle/002167.jpg,Art/Bottle/000748.jpg
Art/Candles/001425.jpg,Art/Candles/000838.jpg
Art/Chair/001571.jpg,Art/Chair/001267.jpg
Art/Chair/001657.jpg,Art/Chair/001367.jpg
Art/Chair/001733.jpg,Art/Chair/000033.jpg
Art/Computer/001189.jpg,Art/Computer/000577.jpg
Art/Computer/002078.jpg,Art/Computer/000514.jpg
Art/Computer/002256.jpg,Art/Computer/001563.jpg
Art/Computer/002346.jpg,Art/Computer/000817.jpg
Art/Curtains/000886.jpg,Art/Curtains/000849.jpg
Art/Curtains/001887.jpg,Art/Curtains/001081.jpg
Art/Curtains/002205.jpg,Art/Curtains/000834.jpg
Art/Drill/001583.jpg,Art/Drill/000677.jpg
Art/Flowers/002402.jpg,Art/Flowers/001542.jpg
Art/Fork/000458.jpg,Art/Fork/000039.jpg
Art/Fork/000566.jpg,Art/Fork/000020.jpg
Art/Fork/001123.jpg,Art/Fork/000868.jpg
Art/Fork/001509.jpg,Art/Fork/001133.jpg
Art/Fork/001516.jpg,Art/Fork/000613.jpg
Art/Fork/001539.jpg,Art/Fork/001094.jpg
Art/Fork/001794.jpg,Art/Fork/000113.jpg
Art/Fork/002157.jpg,Art/Fork/000316.jpg
Art/Fork/002394.jpg,Art/Fork/001309.jpg
Art/Kettle/001040.jpg,Art/Kettle/000586.jpg
Art/Knives/002150.jpg,Art/Knives/001135.jpg
Art/Knives/002217.jpg,Art/Knives/001497.jpg
Art/Knives/002241.jpg,Art/Knives/000095.jpg
Art/Lamp_Shade/001985.jpg,Art/Desk_Lamp/000645.jpg
Art/Lamp_Shade/002294.jpg,Art/Lamp_Shade/002082.jpg
Art/Laptop/000871.jpg,Art/Keyboard/000246.jpg
Art/Laptop/001104.jpg,Art/Laptop/000950.jpg
Art/Laptop/001682.jpg,Art/Laptop/001028.jpg
Art/Laptop/002423.jpg,Art/Laptop/001683.jpg
Art/Monitor/000461.jpg,Art/Computer/000272.jpg
Art/Monitor/000626.jpg,Art/Computer/001563.jpg
Art/Monitor/001216.jpg,Art/Computer/001845.jpg
Art/Mop/000409.jpg,Art/Mop/000294.jpg
Art/Mop/001967.jpg,Art/Mop/000226.jpg
Art/Mop/002206.jpg,Art/Mop/000297.jpg
Art/Pencil/000504.jpg,Art/Eraser/000126.jpg
Art/Postit_Notes/001137.jpg,Art/Paper_Clip/000127.jpg
Art/Radio/000852.jpg,Art/Radio/000278.jpg
Art/Radio/001065.jpg,Art/Radio/000053.jpg
Art/Radio/001448.jpg,Art/Radio/000314.jpg
Art/Radio/001587.jpg,Art/Radio/000123.jpg
Art/Radio/001611.jpg,Art/Radio/000659.jpg
Art/Radio/001678.jpg,Art/Radio/001022.jpg
Art/Radio/001726.jpg,Art/Radio/000351.jpg
Art/Radio/001742.jpg,Art/Radio/000585.jpg
Art/Radio/001944.jpg,Art/Radio/000482.jpg
Art/Radio/002112.jpg,Art/Radio/002085.jpg
Art/Radio/002300.jpg,Art/Radio/000153.jpg
Art/Radio/002398.jpg,Art/Radio/001289.jpg
Art/Refrigerator/000367.jpg,Art/Refrigerator/000305.jpg
Art/Refrigerator/000876.jpg,Art/Refrigerator/000696.jpg
Art/Refrigerator/001373.jpg,Art/Refrigerator/000714.jpg
Art/Refrigerator/002186.jpg,Art/Refrigerator/000325.jpg
Art/Refrigerator/002227.jpg,Art/Refrigerator/000679.jpg
Art/Refrigerator/002320.jpg,Art/Refrigerator/000917.jpg
Art/Refrigerator/002365.jpg,Art/Refrigerator/000638.jpg
Art/Screwdriver/000893.jpg,Art/Screwdriver/000079.jpg
Art/Screwdriver/000960.jpg,Art/Screwdriver/000913.jpg
Art/Screwdriver/001193.jpg,Art/Screwdriver/000765.jpg
Art/Shelf/000520.jpg,Art/Shelf/000061.jpg
Art/Shelf/001181.jpg,Art/Shelf/000391.jpg
Art/Shelf/001517.jpg,Art/Shelf/001192.jpg
Art/Shelf/001519.jpg,Art/Shelf/001115.jpg
Art/Shelf/001847.jpg,Art/Shelf/001394.jpg
Art/Shelf/001983.jpg,Art/Shelf/000807.jpg
Art/Shelf/002193.jpg,Art/Shelf/002011.jpg
Art/Sneakers/002194.jpg,Art/Sneakers/000394.jpg
Art/Soda/000731.jpg,Art/Soda/000253.jpg
Art/Soda/000737.jpg,Art/Soda/000173.jpg
Art/Soda/000945.jpg,Art/Soda/000035.jpg
Art/Soda/001029.jpg,Art/Soda/000128.jpg
Art/Soda/001892.jpg,Art/Soda/000988.jpg
Art/Soda/002103.jpg,Art/Soda/001293.jpg
Art/Soda/002156.jpg,Art/Soda/000390.jpg
Art/Soda/002303.jpg,Art/Soda/000359.jpg
Art/Spoon/000681.jpg,Art/Spoon/000028.jpg
Art/Spoon/000847.jpg,Art/Spoon/000114.jpg
Art/Spoon/000923.jpg,Art/Spoon/000247.jpg
Art/Spoon/001374.jpg,Art/Fork/000176.jpg
Art/Spoon/001530.jpg,Art/Spoon/000066.jpg
Art/Spoon/002173.jpg,Art/Spoon/001302.jpg
Art/Spoon/002361.jpg,Art/Spoon/001126.jpg
Art/Spoon/002374.jpg,Art/Spoon/000318.jpg
Art/TV/001688.jpg,Art/TV/000103.jpg
Art/TV/001834.jpg,Art/Monitor/001304.jpg
Art/Telephone/000519.jpg,Art/Telephone/000501.jpg
Art/Telephone/000965.jpg,Art/Telephone/000062.jpg
Art/Telephone/001366.jpg,Art/Telephone/000093.jpg
Art/Telephone/001858.jpg,Art/Telephone/000445.jpg
Art/Telephone/001891.jpg,Art/Telephone/000749.jpg
Art/Telephone/002066.jpg,Art/Telephone/002002.jpg
Art/Telephone/002179.jpg,Art/Telephone/000197.jpg
Art/ToothBrush/000476.jpg,Art/ToothBrush/000350.jpg
Art/ToothBrush/000820.jpg,Art/ToothBrush/000498.jpg
Art/ToothBrush/001654.jpg,Art/ToothBrush/001314.jpg
Art/ToothBrush/001965.jpg,Art/ToothBrush/000479.jpg
Art/ToothBrush/002054.jpg,Art/ToothBrush/002010.jpg
Art/ToothBrush/002242.jpg,Art/ToothBrush/000296.jpg
Clipart/Alarm_Clock/002935.jpg,Clipart/Alarm_Clock/002500.jpg
Clipart/Bed/003313.jpg,Clipart/Alarm_Clock/003452.jpg
Clipart/Bed/003571.jpg,Clipart/Bed/002596.jpg
Clipart/Bed/006000.jpg,Clipart/Bed/003035.jpg
Clipart/Bed/006323.jpg,Clipart/Bed/003888.jpg
Clipart/Bike/004465.jpg,Clipart/Bike/004307.jpg
Clipart/Bike/006151.jpg,Clipart/Bike/004899.jpg
Clipart/Bucket/005120.jpg,Clipart/Bucket/003309.jpg
Clipart/Bucket/006260.jpg,Clipart/Bucket/004997.jpg
Clipart/Candles/006675.jpg,Clipart/Candles/003643.jpg
Clipart/Chair/004128.jpg,Clipart/Chair/002811.jpg
Clipart/Chair/006755.jpg,Clipart/Chair/004401.jpg
Clipart/Couch/002684.jpg,Clipart/Chair/003036.jpg
Clipart/Couch/003281.jpg,Clipart/Bed/005631.jpg
Clipart/Couch/005486.jpg,Clipart/Chair/003252.jpg
Clipart/Curtains/006764.jpg,Clipart/Curtains/005570.jpg
Clipart/Desk_Lamp/005974.jpg,Clipart/Desk_Lamp/002502.jpg
Clipart/Drill/005586.jpg,Clipart/Drill/003968.jpg
Clipart/Drill/006762.jpg,Clipart/Drill/004746.jpg
Clipart/Eraser/003710.jpg,Clipart/Eraser/002559.jpg
Clipart/File_Cabinet/005647.jpg,Clipart/File_Cabinet/004617.jpg
Clipart/Flowers/005141.jpg,Clipart/Flowers/002918.jpg
Clipart/Folder/004999.jpg,Clipart/Folder/003240.jpg
Clipart/Folder/006365.jpg,Clipart/Folder/004071.jpg
Clipart/Hammer/005454.jpg,Clipart/Hammer/003962.jpg
Clipart/Hammer/006531.jpg,Clipart/Hammer/005991.jpg
Clipart/Kettle/006122.jpg,Clipart/Kettle/002857.jpg
Clipart/Kettle/006133.jpg,Clipart/Kettle/005902.jpg
Clipart/Keyboard/002952.jpg,Clipart/Computer/002960.jpg
Clipart/Keyboard/004086.jpg,Clipart/Computer/004509.jpg
Clipart/Keyboard/004678.jpg,Clipart/Keyboard/003725.jpg
Clipart/Keyboard/005175.jpg,Clipart/Keyboard/004080.jpg
Clipart/Keyboard/005243.jpg,Clipart/Computer/002997.jpg
Clipart/Knives/005326.jpg,Clipart/Fork/005700.jpg
Clipart/Lamp_Shade/002933.jpg,Clipart/Desk_Lamp/005418.jpg
Clipart/Lamp_Shade/003535.jpg,Clipart/Desk_Lamp/004072.jpg
Clipart/Lamp_Shade/003711.jpg,Clipart/Desk_Lamp/005214.jpg
Clipart/Lamp_Shade/005020.jpg,Clipart/Desk_Lamp/005496.jpg
Clipart/Lamp_Shade/005229.jpg,Clipart/Desk_Lamp/002991.jpg
Clipart/Lamp_Shade/005852.jpg,Clipart/Desk_Lamp/003526.jpg
Clipart/Lamp_Shade/006267.jpg,Clipart/Desk_Lamp/003965.jpg
Clipart/Lamp_Shade/006539.jpg,Clipart/Desk_Lamp/006472.jpg
Clipart/Lamp_Shade/006543.jpg,Clipart/Desk_Lamp/006750.jpg
Clipart/Laptop/003214.jpg,Clipart/Keyboard/005771.jpg
Clipart/Laptop/004055.jpg,Clipart/Keyboard/003725.jpg
Clipart/Laptop/005097.jpg,Clipart/Computer/003603.jpg
Clipart/Laptop/005542.jpg,Clipart/Laptop/003612.jpg
Clipart/Laptop/006294.jpg,Clipart/Keyboard/004909.jpg
Clipart/Laptop/006438.jpg,Clipart/Computer/004778.jpg
Clipart/Marker/004363.jpg,Clipart/Marker/003666.jpg
Clipart/Marker/004796.jpg,Clipart/Marker/003721.jpg
Clipart/Marker/005253.jpg,Clipart/Marker/004472.jpg
Clipart/Monitor/002570.jpg,Clipart/Keyboard/003111.jpg
Clipart/Monitor/003192.jpg,Clipart/Keyboard/006489.jpg
Clipart/Monitor/003211.jpg,Clipart/Keyboard/004529.jpg
Clipart/Monitor/004059.jpg,Clipart/Computer/006012.jpg
Clipart/Monitor/004178.jpg,Clipart/Monitor/002718.jpg
Clipart/Monitor/005840.jpg,Clipart/Monitor/003474.jpg
Clipart/Monitor/006360.jpg,Clipart/Computer/002960.jpg
Clipart/Monitor/006581.jpg,Clipart/Keyboard/004818.jpg
Clipart/Mop/002542.jpg,Clipart/Bucket/002429.jpg
Clipart/Mop/002976.jpg,Clipart/Bucket/006144.jpg
Clipart/Mop/003914.jpg,Clipart/Bucket/004267.jpg
Clipart/Mop/006700.jpg,Clipart/Bucket/004253.jpg
Clipart/Mop/006773.jpg,Clipart/Bucket/002963.jpg
Clipart/Mouse/003992.jpg,Clipart/Keyboard/005150.jpg
Clipart/Mouse/004370.jpg,Clipart/Mouse/002513.jpg
Clipart/Mouse/005864.jpg,Clipart/Mouse/003916.jpg
Clipart/Mug/003972.jpg,Clipart/Glasses/003176.jpg
Clipart/Notebook/005758.jpg,Clipart/Folder/005478.jpg
Clipart/Oven/005473.jpg,Clipart/Oven/003269.jpg
Clipart/Pen/003386.jpg,Clipart/Pen/002517.jpg
Clipart/Pen/005711.jpg,Clipart/Marker/005102.jpg
Clipart/Pencil/004125.jpg,Clipart/Pen/004192.jpg
Clipart/Pencil/005776.jpg,Clipart/Pencil/005614.jpg
Clipart/Postit_Notes/006177.jpg,Clipart/Pencil/004487.jpg
Clipart/Printer/005064.jpg,Clipart/Printer/003664.jpg
Clipart/Printer/005360.jpg,Clipart/Printer/003197.jpg
Clipart/Printer/006562.jpg,Clipart/Printer/002953.jpg
Clipart/Refrigerator/004747.jpg,Clipart/Refrigerator/002518.jpg
Clipart/Scissors/003031.jpg,Clipart/Scissors/002685.jpg
Clipart/Scissors/004197.jpg,Clipart/Scissors/003959.jpg
Clipart/Scissors/004816.jpg,Clipart/Scissors/004351.jpg
Clipart/Scissors/005052.jpg,Clipart/Scissors/004569.jpg
Clipart/Scissors/005130.jpg,Clipart/Scissors/004209.jpg
Clipart/Screwdriver/003945.jpg,Clipart/Screwdriver/003399.jpg
Clipart/Screwdriver/005773.jpg,Clipart/Screwdriver/004284.jpg
Clipart/Screwdriver/006078.jpg,Clipart/Screwdriver/005860.jpg
Clipart/Screwdriver/006164.jpg,Clipart/Screwdriver/004841.jpg
Clipart/Shelf/004279.jpg,Clipart/Alarm_Clock/002500.jpg
Clipart/Sink/005985.jpg,Clipart/Sink/005178.jpg
Clipart/Sink/005998.jpg,Clipart/Sink/002803.jpg
Clipart/Soda/003517.jpg,Clipart/Bottle/005216.jpg
Clipart/Soda/004991.jpg,Clipart/Bottle/006449.jpg
Clipart/Soda/005527.jpg,Clipart/Soda/004165.jpg
Clipart/Soda/006018.jpg,Clipart/Bottle/006293.jpg
Clipart/Spoon/003581.jpg,Clipart/Fork/003249.jpg
Clipart/Spoon/005809.jpg,Clipart/Fork/005215.jpg
Clipart/Spoon/006508.jpg,Clipart/Spoon/002674.jpg
Clipart/TV/003024.jpg,Clipart/Monitor/003463.jpg
Clipart/TV/003391.jpg,Clipart/Monitor/006679.jpg
Clipart/TV/003762.jpg,Clipart/Monitor/005593.jpg
Clipart/TV/003806.jpg,Clipart/Monitor/004109.jpg
Clipart/TV/003824.jpg,Clipart/Monitor/002902.jpg
Clipart/TV/004043.jpg,Clipart/TV/003853.jpg
Clipart/TV/004374.jpg,Clipart/Monitor/004399.jpg
Clipart/TV/004571.jpg,Clipart/Monitor/006624.jpg
Clipart/TV/005107.jpg,Clipart/Monitor/003280.jpg
Clipart/TV/005770.jpg,Clipart/Monitor/005963.jpg
Clipart/TV/006114.jpg,Clipart/Monitor/002996.jpg
Clipart/TV/006367.jpg,Clipart/Monitor/003142.jpg
Clipart/Table/004812.jpg,Clipart/Table/002823.jpg
Clipart/Toys/005899.jpg,Clipart/Toys/003534.jpg
Product/Alarm_Clock/010741.jpg,Product/Alarm_Clock/007245.jpg
Product/Backpack/008640.jpg,Product/Backpack/007307.jpg
Product/Backpack/008929.jpg,Product/Backpack/006967.jpg
Product/Backpack/009086.jpg,Product/Backpack/007076.jpg
Product/Backpack/009688.jpg,Product/Backpack/009084.jpg
Product/Backpack/010509.jpg,Product/Backpack/009182.jpg
Product/Backpack/010612.jpg,Product/Backpack/009089.jpg
Product/Backpack/010720.jpg,Product/Backpack/009567.jpg
Product/Backpack/010906.jpg,Product/Backpack/010011.jpg
Product/Batteries/008562.jpg,Product/Batteries/007359.jpg
Product/Batteries/009083.jpg,Product/Batteries/007943.jpg
Product/Bed/009955.jpg,Product/Bed/008762.jpg
Product/Bed/010203.jpg,Product/Bed/007425.jpg
Product/Bed/010263.jpg,Product/Bed/009118.jpg
Product/Bike/007995.jpg,Product/Bike/007026.jpg
Product/Bike/008100.jpg,Product/Bike/006952.jpg
Product/Bike/008181.jpg,Product/Bike/008041.jpg
Product/Bike/009135.jpg,Product/Bike/007509.jpg
Product/Bike/009912.jpg,Product/Bike/009727.jpg
Product/Bike/010172.jpg,Product/Bike/007523.jpg
Product/Bike/010289.jpg,Product/Bike/007444.jpg
Product/Bike/010682.jpg,Product/Bike/009114.jpg
Product/Bottle/007781.jpg,Product/Bottle/007496.jpg
Product/Bottle/008841.jpg,Product/Bottle/007019.jpg
Product/Bottle/009666.jpg,Product/Bottle/008996.jpg
Product/Bottle/010284.jpg,Product/Bottle/009010.jpg
Product/Bottle/010770.jpg,Product/Bottle/009140.jpg
Product/Bottle/011004.jpg,Product/Bottle/007183.jpg
Product/Bottle/011182.jpg,Product/Bottle/008995.jpg
Product/Bottle/011223.jpg,Product/Bottle/007505.jpg
Product/Candles/010143.jpg,Product/Candles/007336.jpg
Product/Candles/010874.jpg,Product/Candles/008638.jpg
Product/Chair/009245.jpg,Product/Chair/007560.jpg
Product/Chair/010589.jpg,Product/Chair/008667.jpg
Product/Chair/010941.jpg,Product/Chair/008228.jpg
Product/Chair/011022.jpg,Product/Chair/010137.jpg
Product/Chair/011054.jpg,Product/Chair/007757.jpg
Product/Chair/011141.jpg,Product/Chair/006986.jpg
Product/Clipboards/007104.jpg,Product/Clipboards/006966.jpg
Product/Clipboards/009868.jpg,Product/Clipboards/007088.jpg
Product/Clipboards/010121.jpg,Product/Clipboards/007590.jpg
Product/Clipboards/010257.jpg,Product/Clipboards/007088.jpg
Product/Clipboards/010301.jpg,Product/Clipboards/007590.jpg
Product/Computer/008927.jpg,Product/Computer/006875.jpg
Product/Computer/010169.jpg,Product/Computer/009914.jpg
Product/Computer/010511.jpg,Product/Computer/006930.jpg
Product/Computer/010641.jpg,Product/Computer/008750.jpg
Product/Computer/010886.jpg,Product/Computer/008998.jpg
Product/Couch/007839.jpg,Product/Couch/007469.jpg
Product/Couch/007862.jpg,Product/Couch/006810.jpg
Product/Couch/010267.jpg,Product/Couch/009906.jpg
Product/Couch/011208.jpg,Product/Couch/009875.jpg
Product/Curtains/009615.jpg,Product/Curtains/006949.jpg
Product/Curtains/009797.jpg,Product/Curtains/009478.jpg
Product/Curtains/010826.jpg,Product/Curtains/010425.jpg
Product/Curtains/010940.jpg,Product/Curtains/006845.jpg
Product/Eraser/008565.jpg,Product/Eraser/007878.jpg
Product/Eraser/008898.jpg,Product/Eraser/007878.jpg
Product/Exit_Sign/010096.jpg,Product/Exit_Sign/007254.jpg
Product/Fan/010294.jpg,Product/Fan/009247.jpg
Product/File_Cabinet/008151.jpg,Product/File_Cabinet/006981.jpg
Product/File_Cabinet/011151.jpg,Product/File_Cabinet/009198.jpg
Product/Flipflops/008428.jpg,Product/Flipflops/007499.jpg
Product/Flipflops/009500.jpg,Product/Flipflops/008316.jpg
Product/Flipflops/010634.jpg,Product/Flipflops/007520.jpg
Product/Flipflops/011035.jpg,Product/Flipflops/010310.jpg
Product/Flowers/009105.jpg,Product/Flowers/008154.jpg
Product/Flowers/009848.jpg,Product/Flowers/009367.jpg
Product/Flowers/010637.jpg,Product/Flowers/009175.jpg
Product/Folder/007290.jpg,Product/File_Cabinet/009070.jpg
Product/Folder/007587.jpg,Product/File_Cabinet/011214.jpg
Product/Folder/007877.jpg,Product/File_Cabinet/009576.jpg
Product/Folder/010443.jpg,Product/File_Cabinet/010196.jpg
Product/Folder/010461.jpg,Product/File_Cabinet/008498.jpg
Product/Glasses/010373.jpg,Product/Glasses/010296.jpg
Product/Glasses/010832.jpg,Product/Glasses/008132.jpg
Product/Hammer/008479.jpg,Product/Hammer/008261.jpg
Product/Hammer/009896.jpg,Product/Hammer/009130.jpg
Product/Hammer/010455.jpg,Product/Hammer/006831.jpg
Product/Hammer/010582.jpg,Product/Hammer/007415.jpg
Product/Helmet/008030.jpg,Product/Helmet/007518.jpg
Product/Helmet/008857.jpg,Product/Helmet/007797.jpg
Product/Helmet/008984.jpg,Product/Helmet/008630.jpg
Product/Helmet/009540.jpg,Product/Helmet/007155.jpg
Product/Helmet/009877.jpg,Product/Helmet/007774.jpg
Product/Helmet/010145.jpg,Product/Helmet/007236.jpg
Product/Helmet/010193.jpg,Product/Helmet/008892.jpg
Product/Helmet/010348.jpg,Product/Helmet/009849.jpg
Product/Helmet/010627.jpg,Product/Helmet/010458.jpg
Product/Helmet/011032.jpg,Product/Helmet/010297.jpg
Product/Helmet/011190.jpg,Product/Helmet/008198.jpg
Product/Knives/008686.jpg,Product/Knives/007750.jpg
Product/Knives/010063.jpg,Product/Knives/009581.jpg
Product/Lamp_Shade/008496.jpg,Product/Desk_Lamp/007856.jpg
Product/Laptop/008737.jpg,Product/Laptop/008489.jpg
Product/Laptop/008819.jpg,Product/Laptop/007548.jpg
Product/Laptop/008917.jpg,Product/Laptop/007173.jpg
Product/Laptop/009189.jpg,Product/Laptop/007671.jpg
Product/Laptop/009315.jpg,Product/Laptop/006917.jpg
Product/Laptop/009709.jpg,Product/Computer/009059.jpg
Product/Laptop/009749.jpg,Product/Laptop/008621.jpg
Product/Laptop/009779.jpg,Product/Laptop/009459.jpg
Product/Laptop/010131.jpg,Product/Laptop/007736.jpg
Product/Laptop/010964.jpg,Product/Laptop/007101.jpg
Product/Laptop/010978.jpg,Product/Laptop/008439.jpg
Product/Laptop/011012.jpg,Product/Laptop/007617.jpg
Product/Laptop/011206.jpg,Product/Laptop/007801.jpg
Product/Monitor/010651.jpg,Product/Monitor/008889.jpg
Product/Mop/009439.jpg,Product/Mop/007816.jpg
Product/Mug/010546.jpg,Product/Mug/009605.jpg
Product/Notebook/007043.jpg,Product/Calendar/008516.jpg
Product/Notebook/008536.jpg,Product/Notebook/008017.jpg
Product/Pan/009187.jpg,Product/Pan/008163.jpg
Product/Postit_Notes/008884.jpg,Product/Postit_Notes/008089.jpg
Product/Printer/007616.jpg,Product/Printer/007216.jpg
Product/Printer/008051.jpg,Product/Printer/007963.jpg
Product/Printer/008350.jpg,Product/Printer/007201.jpg
Product/Printer/008781.jpg,Product/Printer/007201.jpg
Product/Printer/008873.jpg,Product/Printer/007216.jpg
Product/Printer/009190.jpg,Product/Printer/008010.jpg
Product/Printer/009830.jpg,Product/Printer/008010.jpg
Product/Printer/010356.jpg,Product/Printer/007963.jpg
Product/Radio/010180.jpg,Product/Radio/009645.jpg
Product/Radio/011072.jpg,Product/Radio/009631.jpg
Product/Radio/011148.jpg,Product/Radio/008712.jpg
Product/Refrigerator/010733.jpg,Product/Refrigerator/009389.jpg
Product/Ruler/008454.jpg,Product/Ruler/007543.jpg
Product/Scissors/009408.jpg,Product/Scissors/007188.jpg
Product/Scissors/010065.jpg,Product/Scissors/010022.jpg
Product/Shelf/009843.jpg,Product/Shelf/007803.jpg
Product/Sink/009945.jpg,Product/Sink/009787.jpg
Product/Sink/010539.jpg,Product/Sink/007055.jpg
Product/Sneakers/009310.jpg,Product/Sneakers/006857.jpg
Product/Sneakers/009429.jpg,Product/Sneakers/006805.jpg
Product/Sneakers/009722.jpg,Product/Sneakers/008535.jpg
Product/Sneakers/009778.jpg,Product/Sneakers/008142.jpg
Product/Sneakers/010076.jpg,Product/Sneakers/007771.jpg
Product/Sneakers/010397.jpg,Product/Sneakers/007892.jpg
Product/Sneakers/010572.jpg,Product/Sneakers/007970.jpg
Product/Sneakers/010676.jpg,Product/Sneakers/006975.jpg
Product/Soda/007364.jpg,Product/Soda/007013.jpg
Product/Soda/008788.jpg,Product/Soda/008072.jpg
Product/Soda/009174.jpg,Product/Soda/007845.jpg
Product/Spoon/009420.jpg,Product/Spoon/007502.jpg
Product/Spoon/009689.jpg,Product/Spoon/008111.jpg
Product/Spoon/010642.jpg,Product/Spoon/007566.jpg
Product/TV/009313.jpg,Product/TV/008642.jpg
Product/TV/011163.jpg,Product/TV/009484.jpg
Product/TV/011229.jpg,Product/TV/009677.jpg
Product/Table/009120.jpg,Product/Table/007096.jpg
Product/Table/009278.jpg,Product/Table/008066.jpg
Product/Table/010316.jpg,Product/Table/009857.jpg
Product/Table/010426.jpg,Product/Table/007378.jpg
Product/Telephone/009674.jpg,Product/Telephone/009224.jpg
Product/ToothBrush/008438.jpg,Product/ToothBrush/007004.jpg
Product/Toys/009154.jpg,Product/Toys/007472.jpg
Product/Trash_Can/008851.jpg,Product/Trash_Can/008339.jpg
Product/Trash_Can/009701.jpg,Product/Trash_Can/009177.jpg
Product/Webcam/008525.jpg,Product/Webcam/007255.jpg
Product/Webcam/009665.jpg,Product/Webcam/006891.jpg
Product/Webcam/010021.jpg,Product/Webcam/008633.jpg
Product/Webcam/010551.jpg,Product/Webcam/008289.jpg
Real_World/Alarm_Clock/012266.jpg,Art/Alarm_Clock/001422.jpg
Real_World/Bed/015215.jpg,Art/Bed/001774.jpg
Real_World/Couch/013728.jpg,Real_World/Chair/015392.jpg
Real_World/Curtains/013984.jpg,Art/Curtains/000834.jpg
Real_World/Drill/014808.jpg,Art/Drill/000154.jpg
Real_World/Keyboard/014185.jpg,Real_World/Computer/012178.jpg
Real_World/Laptop/013708.jpg,Real_World/Computer/014152.jpg
Real_World/Laptop/014477.jpg,Real_World/Computer/014748.jpg
Real_World/Laptop/015486.jpg,Real_World/Computer/014607.jpg
Real_World/Monitor/012597.jpg,Art/Monitor/000780.jpg
Real_World/Monitor/013222.jpg,Real_World/Computer/014325.jpg
Real_World/Monitor/015141.jpg,Real_World/Computer/015563.jpg
Real_World/Mop/013084.jpg,Real_World/Bucket/012733.jpg
Real_World/Paper_Clip/015206.jpg,Real_World/Paper_Clip/013217.jpg
Real_World/Pen/012401.jpg,Real_World/Marker/015510.jpg
Real_World/Pencil/013061.jpg,Real_World/Eraser/011678.jpg
Real_World/Pencil/013537.jpg,Real_World/Eraser/015464.jpg
Real_World/Pencil/014058.jpg,Real_World/Eraser/011565.jpg
Real_World/Push_Pin/012647.jpg,Art/Push_Pin/001765.jpg
Real_World/Radio/011877.jpg,Real_World/Alarm_Clock/012305.jpg
Real_World/Radio/013698.jpg,Real_World/Alarm_Clock/014614.jpg
Real_World/Radio/014188.jpg,Real_World/Alarm_Clock/011588.jpg
Real_World/Screwdriver/014241.jpg,Art/Screwdriver/000913.jpg
Real_World/Sneakers/012288.jpg,Art/Sneakers/000396.jpg
Real_World/Trash_Can/015044.jpg,Art/Trash_Can/002221.jpg
