source,model,mode,seed,test_domain,best_epoch,best_val_macro_f1,loss,accuracy,macro_f1,n,accuracy_drop_pp,experiment
Real_World,resnet18,linear_probe,42,Art,8,0.7933931804489333,1.825695089761029,0.5558739255014327,0.518219296060138,349,23.82889009194583,Real_World__resnet18__linear_probe__seed42
Real_World,resnet18,linear_probe,42,Clipart,8,0.7933931804489333,2.828097327943926,0.3622291021671827,0.33449377404438874,646,43.19337242537083,Real_World__resnet18__linear_probe__seed42
Real_World,resnet18,linear_probe,42,Product,8,0.7933931804489333,1.2292249255320604,0.673374613003096,0.6549769625250813,646,12.0788213417795,Real_World__resnet18__linear_probe__seed42
Real_World,resnet18,linear_probe,42,Real_World,8,0.7933931804489333,0.7062977476420307,0.794162826420891,0.7670926523133795,651,0.0,Real_World__resnet18__linear_probe__seed42
Real_World,resnet18,finetune_last_block,42,Art,4,0.751985813682387,2.668296583744038,0.4899713467048711,0.4422890395261664,349,25.81085304072641,Real_World__resnet18__finetune_last_block__seed42
Real_World,resnet18,finetune_last_block,42,Clipart,4,0.751985813682387,3.7767191782086256,0.33746130030959753,0.3160211434663383,646,41.061857680253766,Real_World__resnet18__finetune_last_block__seed42
Real_World,resnet18,finetune_last_block,42,Product,4,0.751985813682387,1.6163288295822615,0.6068111455108359,0.5827565963086655,646,14.126873160129927,Real_World__resnet18__finetune_last_block__seed42
Real_World,resnet18,finetune_last_block,42,Real_World,4,0.751985813682387,0.9016541040712788,0.7480798771121352,0.7230012477591136,651,0.0,Real_World__resnet18__finetune_last_block__seed42
Real_World,resnet50,linear_probe,42,Art,14,0.8377871064247012,1.780283733561934,0.6275071633237822,0.5898230250436055,349,19.276933437207035,Real_World__resnet50__linear_probe__seed42
Real_World,resnet50,linear_probe,42,Clipart,14,0.8377871064247012,3.1420090980943143,0.3715170278637771,0.38366131529742936,646,44.87594698320754,Real_World__resnet50__linear_probe__seed42
Real_World,resnet50,linear_probe,42,Product,14,0.8377871064247012,0.990668100480786,0.7291021671826625,0.7150337664479695,646,9.117433051319,Real_World__resnet50__linear_probe__seed42
Real_World,resnet50,linear_probe,42,Real_World,14,0.8377871064247012,0.5438149210677902,0.8202764976958525,0.7953614765194316,651,0.0,Real_World__resnet50__linear_probe__seed42
Real_World,resnet50,finetune_last_block,42,Art,12,0.812998639612383,3.3899310256826842,0.6160458452722063,0.5781248625427782,349,21.037504566481367,Real_World__resnet50__finetune_last_block__seed42
Real_World,resnet50,finetune_last_block,42,Clipart,12,0.812998639612383,4.998274385375504,0.4086687306501548,0.4372215759336045,646,41.775216028686515,Real_World__resnet50__finetune_last_block__seed42
Real_World,resnet50,finetune_last_block,42,Product,12,0.812998639612383,1.9987461913849915,0.718266253869969,0.7041985022688856,646,10.815463706705097,Real_World__resnet50__finetune_last_block__seed42
Real_World,resnet50,finetune_last_block,42,Real_World,12,0.812998639612383,1.1466359108823785,0.82642089093702,0.8109283495077672,651,0.0,Real_World__resnet50__finetune_last_block__seed42
