source,model,mode,test_domain,accuracy_mean,accuracy_std,macro_f1_mean,macro_f1_std,drop_pp_mean,n_seeds
Real_World,resnet18,finetune_last_block,Art,0.4899713467048711,,0.4422890395261664,,25.81085304072641,1
Real_World,resnet18,finetune_last_block,Clipart,0.3374613003095975,,0.3160211434663383,,41.061857680253766,1
Real_World,resnet18,finetune_last_block,Product,0.6068111455108359,,0.5827565963086655,,14.126873160129929,1
Real_World,resnet18,finetune_last_block,Real_World,0.7480798771121352,,0.7230012477591136,,0.0,1
Real_World,resnet18,linear_probe,Art,0.5558739255014327,,0.518219296060138,,23.82889009194583,1
Real_World,resnet18,linear_probe,Clipart,0.3622291021671827,,0.3344937740443887,,43.19337242537083,1
Real_World,resnet18,linear_probe,Product,0.673374613003096,,0.6549769625250813,,12.0788213417795,1
Real_World,resnet18,linear_probe,Real_World,0.794162826420891,,0.7670926523133795,,0.0,1
Real_World,resnet50,finetune_last_block,Art,0.6160458452722063,,0.5781248625427782,,21.037504566481367,1
Real_World,resnet50,finetune_last_block,Clipart,0.4086687306501548,,0.4372215759336045,,41.77521602868652,1
Real_World,resnet50,finetune_last_block,Product,0.718266253869969,,0.7041985022688856,,10.815463706705096,1
Real_World,resnet50,finetune_last_block,Real_World,0.82642089093702,,0.8109283495077672,,0.0,1
Real_World,resnet50,linear_probe,Art,0.6275071633237822,,0.5898230250436055,,19.276933437207035,1
Real_World,resnet50,linear_probe,Clipart,0.3715170278637771,,0.3836613152974293,,44.87594698320754,1
Real_World,resnet50,linear_probe,Product,0.7291021671826625,,0.7150337664479695,,9.117433051319,1
Real_World,resnet50,linear_probe,Real_World,0.8202764976958525,,0.7953614765194316,,0.0,1
